{"valid_loss":0.5007667988538742,"valid_acc":80.45977011494253,"patience_counter":10,"_wandb":{"runtime":52},"train_loss":0.6557142734527588,"_timestamp":1.775397031794703e+09,"_runtime":52,"_step":15,"epoch":16}