{"_step":3,"Train Loss":0.7942821871150624,"Epoch":4,"_timestamp":1.775153366849727e+09,"_wandb":{"runtime":18},"_runtime":18}