{"valid_loss":0.5473227500915527,"_step":15,"_wandb":{"runtime":62},"valid_acc":80.45977011494253,"_runtime":62,"patience_counter":10,"epoch":16,"train_loss":0.6557142734527588,"_timestamp":1.7753965735823872e+09}