{"_step":99,"Train Loss":0.15552771159193732,"Epoch":100,"_timestamp":1.7751538450151532e+09,"_wandb":{"runtime":357},"_runtime":357}